,alpha,beta,gamma,tau,scf_cc,nn_scf_cc
0,4,0.2,8,0.2,2.739438888,2.7046478
1,13,0.2,8,0.2,3.056974826,3.1256087
2,22,0.2,8,0.2,3.05641035,3.1960056
3,31,0.2,8,0.2,3.057428598,3.2164965
4,40,0.2,8,0.2,3.054581532,3.2284758
5,4,0.3,8,0.2,1.741550573,1.7674451
6,13,0.3,8,0.2,1.778527156,1.8170955
7,22,0.3,8,0.2,1.777500016,1.8142867
8,31,0.3,8,0.2,1.776882609,1.8151991
9,40,0.3,8,0.2,1.776561893,1.8161116
10,4,0.4,8,0.2,1.556559256,1.5440565
11,13,0.4,8,0.2,1.470339035,1.4753208
12,22,0.4,8,0.2,1.468812563,1.4930952
13,31,0.4,8,0.2,1.468040645,1.4776639
14,40,0.4,8,0.2,1.467595528,1.4667757
15,4,0.5,8,0.2,1.455352481,1.4530387
16,13,0.5,8,0.2,1.26088979,1.2688208
17,22,0.5,8,0.2,1.257335346,1.2737914
18,31,0.5,8,0.2,1.256389855,1.2708138
19,40,0.5,8,0.2,1.255886318,1.2693759
20,4,0.6,8,0.2,1.363574481,1.3406773
21,13,0.6,8,0.2,1.108204631,1.0952113
22,22,0.6,8,0.2,1.101741346,1.0731378
23,31,0.6,8,0.2,1.100672816,1.0820425
24,40,0.6,8,0.2,1.100109214,1.0754362
25,4,0.7,8,0.2,1.241395408,1.2345853
26,13,0.7,8,0.2,0.963915173,0.93608695
27,22,0.7,8,0.2,0.956466788,0.9070616
28,31,0.7,8,0.2,0.954339524,0.92821664
29,40,0.7,8,0.2,0.953731559,0.9246942
30,4,0.2,14,0.2,1.818287599,1.8386831
31,13,0.2,14,0.2,1.966568613,1.9945085
32,22,0.2,14,0.2,1.959960037,1.9687614
33,31,0.2,14,0.2,1.959769774,1.9686921
34,40,0.2,14,0.2,1.959560654,1.9602187
35,4,0.3,14,0.2,1.519610349,1.5490167
36,13,0.3,14,0.2,1.451682012,1.4234912
37,22,0.3,14,0.2,1.439791061,1.4057748
38,31,0.3,14,0.2,1.439329843,1.4256072
39,40,0.3,14,0.2,1.439059655,1.4469178
40,4,0.4,14,0.2,1.521523234,1.5213552
41,13,0.4,14,0.2,1.214580915,1.1844492
42,22,0.4,14,0.2,1.195754043,1.1835781
43,31,0.4,14,0.2,1.195008748,1.1759433
44,40,0.4,14,0.2,1.194655687,1.1681821
45,4,0.5,14,0.2,1.449945893,1.4704903
46,13,0.5,14,0.2,1.055155549,1.0720713
47,22,0.5,14,0.2,1.028354695,1.0175705
48,31,0.5,14,0.2,1.027293352,1.0066915
49,40,0.5,14,0.2,1.026822481,0.99078655
50,4,0.6,14,0.2,1.428363551,1.3866613
51,13,0.6,14,0.2,0.990981784,0.95870423
52,22,0.6,14,0.2,0.95936088,0.8875129
53,31,0.6,14,0.2,0.955436884,0.8967174
54,40,0.6,14,0.2,0.954887313,0.8805842
55,4,0.7,14,0.2,1.328364842,1.2953329
56,13,0.7,14,0.2,0.917598236,0.84881574
57,22,0.7,14,0.2,0.850992428,0.8368686
58,31,0.7,14,0.2,0.843616427,0.8368686
59,40,0.7,14,0.2,0.842260314,0.8368686
60,4,0.2,20,0.2,1.649352094,1.6614432
61,13,0.2,20,0.2,1.757370375,1.7514706
62,22,0.2,20,0.2,1.725363236,1.6854279
63,31,0.2,20,0.2,1.725864803,1.6876682
64,40,0.2,20,0.2,1.725615423,1.6859636
65,4,0.3,20,0.2,1.651392486,1.6516049
66,13,0.3,20,0.2,1.366487251,1.3358192
67,22,0.3,20,0.2,1.305694724,1.2726634
68,31,0.3,20,0.2,1.305897316,1.2601191
69,40,0.3,20,0.2,1.3055297,1.2590202
70,4,0.4,20,0.2,1.709511812,1.7029386
71,13,0.4,20,0.2,1.170654627,1.1629562
72,22,0.4,20,0.2,1.079969237,1.0858943
73,31,0.4,20,0.2,1.079847116,1.0602894
74,40,0.4,20,0.2,1.079268659,1.0380509
75,4,0.5,20,0.2,1.627614312,1.6517193
76,13,0.5,20,0.2,1.062705322,1.0567828
77,22,0.5,20,0.2,0.957239002,0.9532887
78,31,0.5,20,0.2,0.955298396,0.94719386
79,40,0.5,20,0.2,0.95457159,0.91918147
80,4,0.6,20,0.2,1.487690938,1.4798045
81,13,0.6,20,0.2,1.009790987,0.968002
82,22,0.6,20,0.2,0.875787052,0.84281063
83,31,0.6,20,0.2,0.868398038,0.8531102
84,40,0.6,20,0.2,0.867115789,0.8410462
85,4,0.7,20,0.2,1.402620415,1.3874738
86,13,0.7,20,0.2,1.046510661,0.9994732
87,22,0.7,20,0.2,0.811298759,0.8368686
88,31,0.7,20,0.2,0.805640294,0.8368686
89,40,0.7,20,0.2,0.801047271,0.8368686
90,4,0.2,26,0.2,1.686256789,1.712902
91,13,0.2,26,0.2,1.719304559,1.6798782
92,22,0.2,26,0.2,1.639489845,1.5835106
93,31,0.2,26,0.2,1.639603645,1.5871351
94,40,0.2,26,0.2,1.639303736,1.5893843
95,4,0.3,26,0.2,1.839772872,1.8469524
96,13,0.3,26,0.2,1.333875699,1.3205963
97,22,0.3,26,0.2,1.180978054,1.1445359
98,31,0.3,26,0.2,1.180430261,1.1222974
99,40,0.3,26,0.2,1.179594408,1.1098559
100,4,0.4,26,0.2,1.895331114,1.9344847
101,13,0.4,26,0.2,1.205226524,1.1717935
102,22,0.4,26,0.2,0.992203774,0.99233854
103,31,0.4,26,0.2,0.991066327,0.9777847
104,40,0.4,26,0.2,0.990043619,0.9576768
105,4,0.5,26,0.2,1.774858284,1.765827
106,13,0.5,26,0.2,1.168078392,1.1227806
107,22,0.5,26,0.2,0.924810253,0.90566295
108,31,0.5,26,0.2,0.918693556,0.9093898
109,40,0.5,26,0.2,0.917417581,0.88363135
110,4,0.6,26,0.2,1.630746606,1.6018776
111,13,0.6,26,0.2,1.20330779,1.1715764
112,22,0.6,26,0.2,0.884389877,0.84192413
113,31,0.6,26,0.2,0.875307122,0.8549153
114,40,0.6,26,0.2,0.871800111,0.8556196
115,4,0.7,26,0.2,1.504492769,1.475367
116,13,0.7,26,0.2,1.304381155,1.2636198
117,22,0.7,26,0.2,0.833144968,0.8368686
118,31,0.7,26,0.2,0.827783514,0.8368686
119,40,0.7,26,0.2,0.820521303,0.8368686
120,4,0.2,32,0.2,1.764941983,1.8605552
121,13,0.2,32,0.2,1.68847723,1.6801875
122,22,0.2,32,0.2,1.541811938,1.4894865
123,31,0.2,32,0.2,1.537447411,1.4884994
124,40,0.2,32,0.2,1.53721056,1.483897
125,4,0.3,32,0.2,2.037067907,2.0316446
126,13,0.3,32,0.2,1.347984706,1.3492346
127,22,0.3,32,0.2,1.075539857,1.0609231
128,31,0.3,32,0.2,1.06761482,1.0239326
129,40,0.3,32,0.2,1.066984332,1.0045872
130,4,0.4,32,0.2,2.074826917,2.084628
131,13,0.4,32,0.2,1.312281927,1.2911232
132,22,0.4,32,0.2,0.953185431,0.9577518
133,31,0.4,32,0.2,0.94264604,0.9566627
134,40,0.4,32,0.2,0.941643125,0.93134195
135,4,0.5,32,0.2,1.922734572,1.9216714
136,13,0.5,32,0.2,1.359829825,1.3665733
137,22,0.5,32,0.2,0.945279187,0.92189133
138,31,0.5,32,0.2,0.926708314,0.91696113
139,40,0.5,32,0.2,0.925224636,0.9033304
140,4,0.6,32,0.2,1.755053141,1.7923232
141,13,0.6,32,0.2,1.468248942,1.4374025
142,22,0.6,32,0.2,0.933334733,0.89939255
143,31,0.6,32,0.2,0.916812639,0.8903891
144,40,0.6,32,0.2,0.911245419,0.89462227
145,4,0.7,32,0.2,1.612284476,1.6355011
146,13,0.7,32,0.2,1.611389816,1.4584726
147,22,0.7,32,0.2,0.889928892,0.85865706
148,31,0.7,32,0.2,0.870828857,0.8498856
149,40,0.7,32,0.2,0.870828857,0.8513543
150,4,0.2,8,0.4,2.66482282,2.6530404
151,13,0.2,8,0.4,2.732603403,2.766927
152,22,0.2,8,0.4,2.731564467,2.7712994
153,31,0.2,8,0.4,2.729807758,2.7728217
154,40,0.2,8,0.4,2.72944585,2.7809315
155,4,0.3,8,0.4,2.350837849,2.322604
156,13,0.3,8,0.4,2.364287765,2.4013135
157,22,0.3,8,0.4,2.361481393,2.3891668
158,31,0.3,8,0.4,2.360323726,2.3861952
159,40,0.3,8,0.4,2.359778331,2.3832238
160,4,0.4,8,0.4,2.118625513,2.1238382
161,13,0.4,8,0.4,1.967946158,1.9620991
162,22,0.4,8,0.4,1.964461231,1.9519424
163,31,0.4,8,0.4,1.962637614,1.9457934
164,40,0.4,8,0.4,1.961631398,1.9432003
165,4,0.5,8,0.4,2.00943723,1.9983315
166,13,0.5,8,0.4,1.620334508,1.5978994
167,22,0.5,8,0.4,1.615787579,1.5924401
168,31,0.5,8,0.4,1.613599355,1.5869808
169,40,0.5,8,0.4,1.612502026,1.5815216
170,4,0.6,8,0.4,1.939385394,1.9282775
171,13,0.6,8,0.4,1.344451767,1.319189
172,22,0.6,8,0.4,1.338068516,1.2971574
173,31,0.6,8,0.4,1.335709066,1.2993298
174,40,0.6,8,0.4,1.334522278,1.3106573
175,4,0.7,8,0.4,1.93525033,1.8854396
176,13,0.7,8,0.4,1.1665316,1.1562872
177,22,0.7,8,0.4,1.156412445,1.1431597
178,31,0.7,8,0.4,1.153977486,1.1288009
179,40,0.7,8,0.4,1.15270202,1.1150279
180,4,0.2,14,0.4,2.773906872,2.7418618
181,13,0.2,14,0.4,2.937083842,2.9718528
182,22,0.2,14,0.4,2.921034362,2.9578464
183,31,0.2,14,0.4,2.920369567,2.9401245
184,40,0.2,14,0.4,2.919994286,2.9338753
185,4,0.3,14,0.4,2.405078374,2.4518151
186,13,0.3,14,0.4,2.25584827,2.3041294
187,22,0.3,14,0.4,2.2273967,2.2381964
188,31,0.3,14,0.4,2.226111827,2.2344248
189,40,0.3,14,0.4,2.225616936,2.2296536
190,4,0.4,14,0.4,2.369918705,2.394844
191,13,0.4,14,0.4,1.718368858,1.7154205
192,22,0.4,14,0.4,1.680097152,1.6522479
193,31,0.4,14,0.4,1.678141623,1.6438175
194,40,0.4,14,0.4,1.677260122,1.6448138
195,4,0.5,14,0.4,2.386573046,2.459858
196,13,0.5,14,0.4,1.381989364,1.366958
197,22,0.5,14,0.4,1.336102913,1.2895811
198,31,0.5,14,0.4,1.333758358,1.2896198
199,40,0.5,14,0.4,1.332714094,1.280054
200,4,0.6,14,0.4,2.340552147,2.3503568
201,13,0.6,14,0.4,1.182030282,1.179437
202,22,0.6,14,0.4,1.129851766,1.1110933
203,31,0.6,14,0.4,1.127178692,1.0949602
204,40,0.6,14,0.4,1.125987684,1.0956259
205,4,0.7,14,0.4,2.201238092,2.2208524
206,13,0.7,14,0.4,1.015921417,1.0253779
207,22,0.7,14,0.4,0.966766115,0.9834095
208,31,0.7,14,0.4,0.962944292,0.9645323
209,40,0.7,14,0.4,0.961687939,0.9501356
210,4,0.2,20,0.4,2.829123981,2.7536504
211,13,0.2,20,0.4,2.93489444,2.9297616
212,22,0.2,20,0.4,2.855752451,2.836797
213,31,0.2,20,0.4,2.856462132,2.8306923
214,40,0.2,20,0.4,2.855880542,2.8312469
215,4,0.3,20,0.4,2.516320676,2.5713215
216,13,0.3,20,0.4,2.055739006,2.0714426
217,22,0.3,20,0.4,1.914130487,1.8690705
218,31,0.3,20,0.4,1.913946644,1.8650429
219,40,0.3,20,0.4,1.91290545,1.8631754
220,4,0.4,20,0.4,2.694998673,2.7616403
221,13,0.4,20,0.4,1.573134375,1.5625335
222,22,0.4,20,0.4,1.385569215,1.3659716
223,31,0.4,20,0.4,1.384442231,1.347357
224,40,0.4,20,0.4,1.383204962,1.3298092
225,4,0.5,20,0.4,2.779605514,2.8036032
226,13,0.5,20,0.4,1.378934871,1.3368423
227,22,0.5,20,0.4,1.164180441,1.1378027
228,31,0.5,20,0.4,1.162707012,1.1129253
229,40,0.5,20,0.4,1.161026306,1.1047187
230,4,0.6,20,0.4,2.710158048,2.7596815
231,13,0.6,20,0.4,1.263100028,1.1925268
232,22,0.6,20,0.4,1.046983255,1.0543277
233,31,0.6,20,0.4,1.044395382,1.030659
234,40,0.6,20,0.4,1.042586255,1.0124475
235,4,0.7,20,0.4,2.586948648,2.6343987
236,13,0.7,20,0.4,1.173997798,1.159907
237,22,0.7,20,0.4,0.971089356,0.9369532
238,31,0.7,20,0.4,0.963538206,0.9199799
239,40,0.7,20,0.4,0.961629693,0.90383154
240,4,0.2,26,0.4,2.873298082,2.7747588
241,13,0.2,26,0.4,2.88284673,2.857604
242,22,0.2,26,0.4,2.685592195,2.631475
243,31,0.2,26,0.4,2.684795919,2.6417847
244,40,0.2,26,0.4,2.683945208,2.6364198
245,4,0.3,26,0.4,2.701267834,2.7486823
246,13,0.3,26,0.4,1.968549561,1.9861841
247,22,0.3,26,0.4,1.61943067,1.5739486
248,31,0.3,26,0.4,1.617499887,1.5626321
249,40,0.3,26,0.4,1.615715828,1.5568352
250,4,0.4,26,0.4,3.058692032,3.0487099
251,13,0.4,26,0.4,1.658480547,1.658602
252,22,0.4,26,0.4,1.206756256,1.2026392
253,31,0.4,26,0.4,1.203809978,1.1616876
254,40,0.4,26,0.4,1.201281186,1.1558435
255,4,0.5,26,0.4,3.176571206,3.2281144
256,13,0.5,26,0.4,1.603478643,1.5483246
257,22,0.5,26,0.4,1.097170943,1.1008513
258,31,0.5,26,0.4,1.09359368,1.0721262
259,40,0.5,26,0.4,1.090659182,1.048336
260,4,0.6,26,0.4,3.042098298,3.1329963
261,13,0.6,26,0.4,1.576480765,1.5405554
262,22,0.6,26,0.4,1.079188105,1.0702102
263,31,0.6,26,0.4,1.072353061,1.0528624
264,40,0.6,26,0.4,1.069311527,1.0280285
265,4,0.7,26,0.4,2.883993253,2.9734397
266,13,0.7,26,0.4,1.51501459,1.5231935
267,22,0.7,26,0.4,1.035900406,1.0213444
268,31,0.7,26,0.4,1.023081906,1.0042738
269,40,0.7,26,0.4,1.019501745,0.98837113
270,4,0.2,32,0.4,2.870617229,2.8316207
271,13,0.2,32,0.4,2.796741088,2.8430128
272,22,0.2,32,0.4,2.443234371,2.3847687
273,31,0.2,32,0.4,2.432062792,2.3928661
274,40,0.2,32,0.4,2.431440053,2.390493
275,4,0.3,32,0.4,2.954466498,3.0134957
276,13,0.3,32,0.4,2.011403541,1.9922702
277,22,0.3,32,0.4,1.3977573,1.3319116
278,31,0.3,32,0.4,1.380381837,1.3265839
279,40,0.3,32,0.4,1.378472969,1.3184938
280,4,0.4,32,0.4,3.479052808,3.4938436
281,13,0.4,32,0.4,1.900270734,1.9189258
282,22,0.4,32,0.4,1.114867113,1.1303811
283,31,0.4,32,0.4,1.093553754,1.1008756
284,40,0.4,32,0.4,1.091314883,1.089843
285,4,0.5,32,0.4,3.5457709,3.5678856
286,13,0.5,32,0.4,2.000676068,1.9869561
287,22,0.5,32,0.4,1.147299957,1.1455152
288,31,0.5,32,0.4,1.12408156,1.1173742
289,40,0.5,32,0.4,1.12138415,1.089233
290,4,0.6,32,0.4,3.357775107,3.5311372
291,13,0.6,32,0.4,2.048175975,2.1008708
292,22,0.6,32,0.4,1.205356208,1.1993346
293,31,0.6,32,0.4,1.176984108,1.1717472
294,40,0.6,32,0.4,1.173834536,1.1441597
295,4,0.7,32,0.4,3.171537852,3.2863302
296,13,0.7,32,0.4,2.006407129,2.0638485
297,22,0.7,32,0.4,1.177406608,1.1542978
298,31,0.7,32,0.4,1.14802868,1.1338173
299,40,0.7,32,0.4,1.142912645,1.1209344
300,4,0.2,8,0.6,3.244285929,3.2800987
301,13,0.2,8,0.6,3.278065267,3.2758107
302,22,0.2,8,0.6,3.274497131,3.304625
303,31,0.2,8,0.6,3.273561301,3.308772
304,40,0.2,8,0.6,3.272257286,3.2888436
305,4,0.3,8,0.6,3.045893545,3.0851665
306,13,0.3,8,0.6,3.017581136,3.0783179
307,22,0.3,8,0.6,3.012624374,3.07268
308,31,0.3,8,0.6,3.010154473,3.0670424
309,40,0.3,8,0.6,3.00908467,3.0614665
310,4,0.4,8,0.6,2.803489181,2.872542
311,13,0.4,8,0.6,2.609747908,2.6688733
312,22,0.4,8,0.6,2.603228743,2.6627142
313,31,0.4,8,0.6,2.60153029,2.6563022
314,40,0.4,8,0.6,2.599839966,2.6425235
315,4,0.5,8,0.6,2.604312868,2.6461236
316,13,0.5,8,0.6,2.157801036,2.1839983
317,22,0.5,8,0.6,2.149812808,2.1577451
318,31,0.5,8,0.6,2.146226269,2.1432202
319,40,0.5,8,0.6,2.14431162,2.1402125
320,4,0.6,8,0.6,2.463923695,2.5029225
321,13,0.6,8,0.6,1.747625727,1.7116349
322,22,0.6,8,0.6,1.738665624,1.7168651
323,31,0.6,8,0.6,1.734692768,1.7012315
324,40,0.6,8,0.6,1.732597089,1.6913495
325,4,0.7,8,0.6,2.330550998,2.3734612
326,13,0.7,8,0.6,1.391603995,1.3466029
327,22,0.7,8,0.6,1.380588504,1.3201679
328,31,0.7,8,0.6,1.376966067,1.3129666
329,40,0.7,8,0.6,1.374761244,1.3273585
330,4,0.2,14,0.6,3.754363843,3.7883584
331,13,0.2,14,0.6,3.933637315,3.9723637
332,22,0.2,14,0.6,3.906604387,3.9172094
333,31,0.2,14,0.6,3.905804037,3.9119442
334,40,0.2,14,0.6,3.905249064,3.878256
335,4,0.3,14,0.6,3.370926313,3.379926
336,13,0.3,14,0.6,3.193810079,3.2402031
337,22,0.3,14,0.6,3.149049857,3.1673243
338,31,0.3,14,0.6,3.146890439,3.171392
339,40,0.3,14,0.6,3.145803721,3.1754594
340,4,0.4,14,0.6,3.175726297,3.224149
341,13,0.4,14,0.6,2.448190458,2.5145867
342,22,0.4,14,0.6,2.388943786,2.3698819
343,31,0.4,14,0.6,2.385710253,2.3688478
344,40,0.4,14,0.6,2.38418022,2.360261
345,4,0.5,14,0.6,3.203203529,3.252839
346,13,0.5,14,0.6,1.915931407,1.9498711
347,22,0.5,14,0.6,1.848315098,1.8576767
348,31,0.5,14,0.6,1.844337653,1.8466003
349,40,0.5,14,0.6,1.842414745,1.8248742
350,4,0.6,14,0.6,3.206597685,3.2719257
351,13,0.6,14,0.6,1.545939433,1.5564029
352,22,0.6,14,0.6,1.474136294,1.3917989
353,31,0.6,14,0.6,1.469614251,1.3866584
354,40,0.6,14,0.6,1.467498085,1.4145279
355,4,0.7,14,0.6,3.120612986,3.155277
356,13,0.7,14,0.6,1.269102639,1.2656219
357,22,0.7,14,0.6,1.198575085,1.1828573
358,31,0.7,14,0.6,1.193917747,1.1682258
359,40,0.7,14,0.6,1.191708116,1.163401
360,4,0.2,20,0.6,4.058909705,4.050269
361,13,0.2,20,0.6,4.206644072,4.222884
362,22,0.2,20,0.6,4.081380317,4.099955
363,31,0.2,20,0.6,4.082249793,4.131949
364,40,0.2,20,0.6,5.256548136,4.173854
365,4,0.3,20,0.6,3.539052004,3.5987165
366,13,0.3,20,0.6,3.066252213,3.0723054
367,22,0.3,20,0.6,2.851060114,2.8143232
368,31,0.3,20,0.6,2.85071651,2.833212
369,40,0.3,20,0.6,2.849050704,2.8532538
370,4,0.4,20,0.6,3.615172742,3.6976316
371,13,0.4,20,0.6,2.27376497,2.298012
372,22,0.4,20,0.6,1.986662625,1.9713843
373,31,0.4,20,0.6,1.984948878,1.918319
374,40,0.4,20,0.6,1.982564648,1.9089658
375,4,0.5,20,0.6,3.845037767,3.9314656
376,13,0.5,20,0.6,1.841470717,1.8446162
377,22,0.5,20,0.6,1.517063677,1.4615158
378,31,0.5,20,0.6,1.514380753,1.4469014
379,40,0.5,20,0.6,1.51151558,1.4318519
380,4,0.6,20,0.6,3.85073513,3.9066622
381,13,0.6,20,0.6,1.602206581,1.5660975
382,22,0.6,20,0.6,1.27654916,1.2532597
383,31,0.6,20,0.6,1.273198598,1.2307467
384,40,0.6,20,0.6,1.270109351,1.2338128
385,4,0.7,20,0.6,3.704019138,3.7394865
386,13,0.7,20,0.6,1.407015296,1.4371173
387,22,0.7,20,0.6,1.120977397,1.1004885
388,31,0.7,20,0.6,1.116238936,1.0872147
389,40,0.7,20,0.6,1.113140157,1.0733693
390,4,0.2,26,0.6,4.264558092,4.2143736
391,13,0.2,26,0.6,4.32387605,4.2763143
392,22,0.2,26,0.6,4.022544293,3.9633594
393,31,0.2,26,0.6,4.021659484,3.9805367
394,40,0.2,26,0.6,4.020285998,4.00464
395,4,0.3,26,0.6,3.799306483,3.85529
396,13,0.3,26,0.6,3.014964305,3.077919
397,22,0.3,26,0.6,2.480793506,2.4534957
398,31,0.3,26,0.6,2.477677954,2.4539285
399,40,0.3,26,0.6,2.474816424,2.4543614
400,4,0.4,26,0.6,4.132044359,4.2019553
401,13,0.4,26,0.6,2.352815894,2.3560774
402,22,0.4,26,0.6,1.652401522,1.6258256
403,31,0.4,26,0.6,1.647387478,1.5901601
404,40,0.4,26,0.6,1.643237299,1.5714376
405,4,0.5,26,0.6,4.440900666,4.5579133
406,13,0.5,26,0.6,2.122288611,2.1206348
407,22,0.5,26,0.6,1.345184677,1.3305937
408,31,0.5,26,0.6,1.339159846,1.2990623
409,40,0.5,26,0.6,1.334318407,1.3022635
410,4,0.6,26,0.6,4.370533948,4.484462
411,13,0.6,26,0.6,2.005787889,2.0057945
412,22,0.6,26,0.6,1.247031913,1.2385927
413,31,0.6,26,0.6,1.240412377,1.2203137
414,40,0.6,26,0.6,1.23539872,1.2017672
415,4,0.7,26,0.6,4.142588919,4.2115984
416,13,0.7,26,0.6,1.820436578,1.8236716
417,22,0.7,26,0.6,1.159632959,1.1659901
418,31,0.7,26,0.6,1.149241658,1.1531743
419,40,0.7,26,0.6,1.144489557,1.1403584
420,4,0.2,32,0.6,4.361598048,4.374224
421,13,0.2,32,0.6,4.347807849,4.365483
422,22,0.2,32,0.6,3.821274271,3.76312
423,31,0.2,32,0.6,3.804353004,3.7624645
424,40,0.2,32,0.6,3.803260401,3.775615
425,4,0.3,32,0.6,4.08235786,4.2486534
426,13,0.3,32,0.6,3.069087326,3.1394167
427,22,0.3,32,0.6,2.123485293,2.0789335
428,31,0.3,32,0.6,2.096320211,2.0713778
429,40,0.3,32,0.6,2.093213249,2.0696757
430,4,0.4,32,0.6,4.684347307,4.8245487
431,13,0.4,32,0.6,2.663876566,2.780021
432,22,0.4,32,0.6,1.443380617,1.4099631
433,31,0.4,32,0.6,1.409676715,1.3757193
434,40,0.4,32,0.6,1.40511225,1.3721697
435,4,0.5,32,0.6,5.007202038,5.0673375
436,13,0.5,32,0.6,2.659312364,2.6698103
437,22,0.5,32,0.6,1.331933743,1.3345497
438,31,0.5,32,0.6,1.296052132,1.2897477
439,40,0.5,32,0.6,1.290871154,1.2627883
440,4,0.6,32,0.6,4.841914995,4.957976
441,13,0.6,32,0.6,2.639769137,2.6147685
442,22,0.6,32,0.6,1.354118679,1.3431573
443,31,0.6,32,0.6,1.31839638,1.3048775
444,40,0.6,32,0.6,1.31319499,1.2826626
445,4,0.7,32,0.6,4.566272232,4.6765995
446,13,0.7,32,0.6,2.454247309,2.4059021
447,22,0.7,32,0.6,1.313430966,1.301409
448,31,0.7,32,0.6,1.275261586,1.2575977
449,40,0.7,32,0.6,1.270272129,1.2442881
450,4,0.2,8,0.8,3.547195194,3.549477
451,13,0.2,8,0.8,3.54778928,3.5715287
452,22,0.2,8,0.8,3.543125664,3.5832167
453,31,0.2,8,0.8,3.542097284,3.5695047
454,40,0.2,8,0.8,3.541550927,3.526006
455,4,0.3,8,0.8,3.686183842,3.7283368
456,13,0.3,8,0.8,3.590203926,3.6299822
457,22,0.3,8,0.8,3.582356234,3.648505
458,31,0.3,8,0.8,3.580325748,3.6393743
459,40,0.3,8,0.8,3.579000144,3.622425
460,4,0.4,8,0.8,3.447292573,3.549901
461,13,0.4,8,0.8,3.194505599,3.2763927
462,22,0.4,8,0.8,3.185116631,3.2543824
463,31,0.4,8,0.8,3.181074616,3.2402759
464,40,0.4,8,0.8,3.179957434,3.2340016
465,4,0.5,8,0.8,3.211219192,3.3174107
466,13,0.5,8,0.8,2.724988723,2.7690473
467,22,0.5,8,0.8,2.714276466,2.7471242
468,31,0.5,8,0.8,2.70788611,2.755415
469,40,0.5,8,0.8,2.705047796,2.7634602
470,4,0.6,8,0.8,2.977060401,3.052421
471,13,0.6,8,0.8,2.216415518,2.2666554
472,22,0.6,8,0.8,2.203883926,2.2438238
473,31,0.6,8,0.8,2.197106381,2.2178988
474,40,0.6,8,0.8,2.194319527,2.1801465
475,4,0.7,8,0.8,2.795658989,2.8862126
476,13,0.7,8,0.8,1.742806913,1.7241577
477,22,0.7,8,0.8,1.728760858,1.6975428
478,31,0.7,8,0.8,1.72275144,1.6948378
479,40,0.7,8,0.8,1.719817313,1.6937735
480,4,0.2,14,0.8,4.55131563,4.577451
481,13,0.2,14,0.8,4.724157242,4.780578
482,22,0.2,14,0.8,5.100424224,4.794474
483,31,0.2,14,0.8,4.686846705,4.742815
484,40,0.2,14,0.8,4.686016301,4.669661
485,4,0.3,14,0.8,4.298682695,4.344091
486,13,0.3,14,0.8,4.093254547,4.180795
487,22,0.3,14,0.8,4.03345709,4.074571
488,31,0.3,14,0.8,4.028652382,4.070852
489,40,0.3,14,0.8,4.027057165,4.067464
490,4,0.4,14,0.8,4.082442948,4.1388693
491,13,0.4,14,0.8,3.269181623,3.3406384
492,22,0.4,14,0.8,3.187272895,3.1964173
493,31,0.4,14,0.8,3.182605252,3.1973643
494,40,0.4,14,0.8,3.1802861,3.2036228
495,4,0.5,14,0.8,4.078471464,4.179294
496,13,0.5,14,0.8,2.536846251,2.6246672
497,22,0.5,14,0.8,2.442219796,2.454456
498,31,0.5,14,0.8,2.43626354,2.4226577
499,40,0.5,14,0.8,2.433393118,2.406858
500,4,0.6,14,0.8,4.049277646,4.121944
501,13,0.6,14,0.8,1.980456013,1.9938991
502,22,0.6,14,0.8,1.884421197,1.8784568
503,31,0.6,14,0.8,1.877710468,1.863364
504,40,0.6,14,0.8,1.874489735,1.858952
505,4,0.7,14,0.8,3.963476283,3.9898515
506,13,0.7,14,0.8,1.554823295,1.5492144
507,22,0.7,14,0.8,1.463810472,1.4510026
508,31,0.7,14,0.8,1.456923115,1.4317873
509,40,0.7,14,0.8,1.453566067,1.4326528
510,4,0.2,20,0.8,5.220164383,5.2190413
511,13,0.2,20,0.8,5.391778122,5.4354606
512,22,0.2,20,0.8,5.217707088,5.244383
513,31,0.2,20,0.8,5.217343134,5.271609
514,40,0.2,20,0.8,6.227965395,5.2806406
515,4,0.3,20,0.8,4.706332985,4.826132
516,13,0.3,20,0.8,4.168977018,4.2197704
517,22,0.3,20,0.8,3.873785642,3.9085274
518,31,0.3,20,0.8,3.873339201,3.9031007
519,40,0.3,20,0.8,3.870959733,3.9031007
520,4,0.4,20,0.8,4.652999017,4.7876587
521,13,0.4,20,0.8,3.087359733,3.112
522,22,0.4,20,0.8,2.690717845,2.6952963
523,31,0.4,20,0.8,2.688265481,2.6729102
524,40,0.4,20,0.8,2.684828289,2.6491613
525,4,0.5,20,0.8,4.85756801,4.962707
526,13,0.5,20,0.8,2.386560547,2.4063492
527,22,0.5,20,0.8,1.940063833,1.9898906
528,31,0.5,20,0.8,1.935986388,1.9537597
529,40,0.5,20,0.8,1.931774363,1.9138439
530,4,0.6,20,0.8,4.919811648,4.9881954
531,13,0.6,20,0.8,1.960585284,1.960154
532,22,0.6,20,0.8,1.516622372,1.4692706
533,31,0.6,20,0.8,1.511542629,1.4797256
534,40,0.6,20,0.8,1.506931107,1.4894669
535,4,0.7,20,0.8,4.762768145,4.7979302
536,13,0.7,20,0.8,1.641264603,1.6354065
537,22,0.7,20,0.8,1.252627389,1.2795719
538,31,0.7,20,0.8,1.247018511,1.2761371
539,40,0.7,20,0.8,1.242384635,1.2772299
540,4,0.2,26,0.8,5.625788664,5.6322994
541,13,0.2,26,0.8,5.741907188,5.735573
542,22,0.2,26,0.8,5.331363848,5.2408676
543,31,0.2,26,0.8,5.330093188,5.247841
544,40,0.2,26,0.8,5.328175402,5.2824397
545,4,0.3,26,0.8,5.07656898,5.1118536
546,13,0.3,26,0.8,4.179952658,4.2676277
547,22,0.3,26,0.8,3.448487137,3.4384444
548,31,0.3,26,0.8,3.444077935,3.4238238
549,40,0.3,26,0.8,3.440038716,3.4092026
550,4,0.4,26,0.8,5.231307053,5.377039
551,13,0.4,26,0.8,3.152673254,3.189145
552,22,0.4,26,0.8,2.188048828,2.1995385
553,31,0.4,26,0.8,2.18088119,2.1759667
554,40,0.4,26,0.8,2.175093885,2.1616747
555,4,0.5,26,0.8,5.600618562,5.737201
556,13,0.5,26,0.8,2.662122703,2.67529
557,22,0.5,26,0.8,1.591727157,1.5738916
558,31,0.5,26,0.8,1.582877803,1.5524428
559,40,0.5,26,0.8,1.575918842,1.5442969
560,4,0.6,26,0.8,5.594878484,5.6578016
561,13,0.6,26,0.8,2.388419794,2.431818
562,22,0.6,26,0.8,1.347234877,1.3515167
563,31,0.6,26,0.8,1.337909638,1.3095913
564,40,0.6,26,0.8,1.33071142,1.3066688
565,4,0.7,26,0.8,5.395310157,5.4403896
566,13,0.7,26,0.8,2.112794007,2.126069
567,22,0.7,26,0.8,1.209883992,1.2268713
568,31,0.7,26,0.8,1.196365842,1.2207748
569,40,0.7,26,0.8,1.189506339,1.2156258
570,4,0.2,32,0.8,5.952467545,5.986877
571,13,0.2,32,0.8,5.960936365,5.982863
572,22,0.2,32,0.8,5.24035944,5.215313
573,31,0.2,32,0.8,5.216920795,5.131336
574,40,0.2,32,0.8,5.215589242,5.116871
575,4,0.3,32,0.8,5.387521047,5.5426416
576,13,0.3,32,0.8,4.299429452,4.2956953
577,22,0.3,32,0.8,3.019711764,2.9851558
578,31,0.3,32,0.8,2.982098231,2.969672
579,40,0.3,32,0.8,2.977957937,2.9557323
580,4,0.4,32,0.8,5.846791545,6.0796413
581,13,0.4,32,0.8,3.525385879,3.522838
582,22,0.4,32,0.8,1.849472443,1.8270717
583,31,0.4,32,0.8,1.80236219,1.7749469
584,40,0.4,32,0.8,1.796025268,1.7406356
585,4,0.5,32,0.8,6.273585277,6.410629
586,13,0.5,32,0.8,3.296564079,3.2923396
587,22,0.5,32,0.8,1.469767935,1.4187938
588,31,0.5,32,0.8,1.419298731,1.373267
589,40,0.5,32,0.8,1.411963872,1.3724087
590,4,0.6,32,0.8,6.233130453,6.272045
591,13,0.6,32,0.8,3.141917206,3.1034105
592,22,0.6,32,0.8,1.360064065,1.313383
593,31,0.6,32,0.8,1.311654503,1.2777566
594,40,0.6,32,0.8,1.304141626,1.2659806
595,4,0.7,32,0.8,5.880229444,5.9606123
596,13,0.7,32,0.8,2.834964776,2.7791631
597,22,0.7,32,0.8,1.294878784,1.2410343
598,31,0.7,32,0.8,1.249987555,1.210613
599,40,0.7,32,0.8,1.242904901,1.2066131
600,4,0.2,8,1,3.681610778,3.7397637
601,13,0.2,8,1,3.652194664,3.6995761
602,22,0.2,8,1,3.647101006,3.7171273
603,31,0.2,8,1,3.645029113,3.7213202
604,40,0.2,8,1,3.642336562,3.7255127
605,4,0.3,8,1,4.103024677,4.1785154
606,13,0.3,8,1,3.945126605,3.977598
607,22,0.3,8,1,3.93893891,4.0234265
608,31,0.3,8,1,3.934865583,4.029248
609,40,0.3,8,1,3.930048909,4.004237
610,4,0.4,8,1,3.992686842,4.060914
611,13,0.4,8,1,3.665801121,3.7839215
612,22,0.4,8,1,4.012461963,3.7802246
613,31,0.4,8,1,3.648217316,3.7705002
614,40,0.4,8,1,3.645023534,3.760776
615,4,0.5,8,1,3.765132094,3.8824642
616,13,0.5,8,1,3.213093249,3.2795823
617,22,0.5,8,1,3.19768544,3.270195
618,31,0.5,8,1,3.190430493,3.2652724
619,40,0.5,8,1,3.775255234,3.2612123
620,4,0.6,8,1,3.563733015,3.6731503
621,13,0.6,8,1,2.689763291,2.7386217
622,22,0.6,8,1,2.671277474,2.7166352
623,31,0.6,8,1,2.663361447,2.694649
624,40,0.6,8,1,2.658896049,2.6837807
625,4,0.7,8,1,3.300989596,3.362288
626,13,0.7,8,1,2.114187613,2.1147773
627,22,0.7,8,1,2.094658241,2.093588
628,31,0.7,8,1,2.086005598,2.0726676
629,40,0.7,8,1,2.081337185,2.051747
630,4,0.2,14,1,5.160539653,5.125126
631,13,0.2,14,1,5.304424588,5.335325
632,22,0.2,14,1,5.256340178,5.209478
633,31,0.2,14,1,5.254425704,5.2244616
634,40,0.2,14,1,5.253316352,5.2008057
635,4,0.3,14,1,5.134589552,5.140094
636,13,0.3,14,1,4.855008837,4.9154396
637,22,0.3,14,1,4.774518122,4.843611
638,31,0.3,14,1,5.747811916,4.844625
639,40,0.3,14,1,4.768492632,4.812004
640,4,0.4,14,1,5.019890769,5.0569077
641,13,0.4,14,1,4.014430745,4.096108
642,22,0.4,14,1,3.907629418,3.9185858
643,31,0.4,14,1,3.901383599,3.920536
644,40,0.4,14,1,3.897917024,3.9144986
645,4,0.5,14,1,4.95255493,5.0071883
646,13,0.5,14,1,3.138418884,3.1814172
647,22,0.5,14,1,3.014610725,2.992464
648,31,0.5,14,1,3.006556908,2.9809437
649,40,0.5,14,1,3.002638774,2.9550774
650,4,0.6,14,1,4.858864969,4.96443
651,13,0.6,14,1,2.415143052,2.4912677
652,22,0.6,14,1,2.290588638,2.3296192
653,31,0.6,14,1,2.281482162,2.2994015
654,40,0.6,14,1,2.277016791,2.2744546
655,4,0.7,14,1,4.718751571,4.8358865
656,13,0.7,14,1,1.836627866,1.8659151
657,22,0.7,14,1,1.723279437,1.7208676
658,31,0.7,14,1,1.713877562,1.711931
659,40,0.7,14,1,1.709226306,1.6979185
660,4,0.2,20,1,6.145373642,6.102346
661,13,0.2,20,1,6.316885671,6.2430544
662,22,0.2,20,1,6.091098252,6.0658364
663,31,0.2,20,1,6.09086168,6.082742
664,40,0.2,20,1,6.089123493,6.0838356
665,4,0.3,20,1,5.826634937,5.8424053
666,13,0.3,20,1,5.134098859,5.2058477
667,22,0.3,20,1,4.749825703,4.786452
668,31,0.3,20,1,4.749204873,4.7769594
669,40,0.3,20,1,4.74611865,4.754641
670,4,0.4,20,1,5.696832847,5.7872615
671,13,0.4,20,1,3.848696363,3.9338524
672,22,0.4,20,1,3.334112604,3.3652618
673,31,0.4,20,1,3.330837758,3.3831432
674,40,0.4,20,1,3.326233364,3.3737135
675,4,0.5,20,1,5.843346006,5.8642774
676,13,0.5,20,1,2.907776374,3.0903873
677,22,0.5,20,1,2.327284473,2.3389485
678,31,0.5,20,1,2.321843701,2.3152962
679,40,0.5,20,1,2.316130706,2.317339
680,4,0.6,20,1,5.911561018,5.8964405
681,13,0.6,20,1,2.288009374,2.3122795
682,22,0.6,20,1,1.715642254,1.7438974
683,31,0.6,20,1,1.708754633,1.7340542
684,40,0.6,20,1,1.70245002,1.7145877
685,4,0.7,20,1,5.726389042,5.7774534
686,13,0.7,20,1,1.835220278,1.9003174
687,22,0.7,20,1,1.340501925,1.3230631
688,31,0.7,20,1,1.333033132,1.3141973
689,40,0.7,20,1,1.326714552,1.3253608
690,4,0.2,26,1,6.880514601,6.917996
691,13,0.2,26,1,6.964667597,6.925853
692,22,0.2,26,1,6.424741045,6.3964214
693,31,0.2,26,1,6.422878429,6.415725
694,40,0.2,26,1,6.420366687,6.3919206
695,4,0.3,26,1,6.310647499,6.475025
696,13,0.3,26,1,5.273630469,5.3623886
697,22,0.3,26,1,4.334992264,4.330452
698,31,0.3,26,1,4.329260656,4.2951393
699,40,0.3,26,1,4.324065082,4.271754
700,4,0.4,26,1,6.34440367,6.458091
701,13,0.4,26,1,3.934238957,3.914809
702,22,0.4,26,1,2.683396837,2.6345367
703,31,0.4,26,1,2.673952802,2.634316
704,40,0.4,26,1,2.666355254,2.6516922
705,4,0.5,26,1,6.640191637,6.750422
706,13,0.5,26,1,3.188923254,3.255238
707,22,0.5,26,1,1.808856264,1.8173249
708,31,0.5,26,1,1.797148866,1.7733788
709,40,0.5,26,1,1.788016225,1.7347094
710,4,0.6,26,1,6.769174495,6.7734513
711,13,0.6,26,1,2.721135018,2.8648732
712,22,0.6,26,1,1.36479443,1.3527734
713,31,0.6,26,1,1.352127335,1.3397202
714,40,0.6,26,1,1.342469581,1.3339579
715,4,0.7,26,1,6.5439844,6.591611
716,13,0.7,26,1,2.333552691,2.4118738
717,22,0.7,26,1,1.17126142,1.1673108
718,31,0.7,26,1,1.15904741,1.1571667
719,40,0.7,26,1,1.149873012,1.153245
720,4,0.2,32,1,7.363043598,7.375277
721,13,0.2,32,1,7.367179982,7.330294
722,22,0.2,32,1,6.434059356,6.4571986
723,31,0.2,32,1,6.403651772,6.35179
724,40,0.2,32,1,6.401914259,6.31272
725,4,0.3,32,1,6.703901033,6.882246
726,13,0.3,32,1,5.426019537,5.406332
727,22,0.3,32,1,3.770569381,3.798706
728,31,0.3,32,1,3.721644014,3.693917
729,40,0.3,32,1,3.716350427,3.6566854
730,4,0.4,32,1,6.991091503,7.110901
731,13,0.4,32,1,4.309709577,4.2954106
732,22,0.4,32,1,2.13491283,2.1572485
733,31,0.4,32,1,2.073082028,2.0592036
734,40,0.4,32,1,2.064887919,2.0630958
735,4,0.5,32,1,7.450771937,7.470745
736,13,0.5,32,1,3.860048307,3.8421047
737,22,0.5,32,1,1.484581004,1.4934704
738,31,0.5,32,1,1.418071694,1.418897
739,40,0.5,32,1,1.408419613,1.4058437
740,4,0.6,32,1,7.360294894,7.4405465
741,13,0.6,32,1,3.571155401,3.604244
742,22,0.6,32,1,1.297899364,1.3105568
743,31,0.6,32,1,1.235028499,1.210475
744,40,0.6,32,1,1.215058462,1.2119672
745,4,0.7,32,1,7.084666454,7.1848316
746,13,0.7,32,1,3.163839289,3.2237487
747,22,0.7,32,1,1.180729883,1.1860533
748,31,0.7,32,1,1.125683969,1.1411452
749,40,0.7,32,1,1.11101686,1.1334537
750,25,0.41,30,0.59,1.419852697,1.3968194
751,13,0.6,13,0.65,1.679136615,1.6867738
752,34,0.42,9,0.81,3.845410428,3.1730044
753,40,0.35,14,1,4.358011086,4.3855367
754,7,0.33,10,0.97,4.615770491,4.310247
755,15,0.45,31,0.98,2.92445915,3.2203593
756,21,0.21,23,0.77,4.979057552,4.914317
757,4,0.32,20,0.78,4.537218982,4.670422
758,7,0.32,29,0.55,3.623609515,3.675606
759,19,0.52,26,0.98,1.773882651,1.7958174
760,12,0.57,25,0.61,2.244127117,2.2029676
761,6,0.43,25,0.6,3.877594361,3.9183273
762,39,0.49,25,0.55,1.29817976,1.3006623
763,27,0.59,16,0.78,1.751581356,1.7576296
764,4,0.55,27,0.93,6.473048419,6.58486
765,28,0.42,26,0.92,2.311150961,2.206395
766,23,0.2,20,0.51,3.530325154,3.565427
767,16,0.56,18,0.62,1.495212598,1.4432466
768,30,0.3,30,0.62,2.308959177,2.2636409
769,23,0.47,31,0.68,1.406103636,1.4222939
770,40,0.25,8,0.91,3.778237559,3.769729
771,18,0.32,12,0.54,2.798732726,2.8417902
772,25,0.56,15,0.69,1.754763804,1.7462356
773,17,0.28,32,0.99,4.632556247,5.0215635
774,18,0.4,32,0.74,2.015018277,2.2283547
775,34,0.28,23,0.97,4.801097465,4.7257185
776,36,0.58,32,0.73,1.328910929,1.3047093
777,9,0.59,26,0.98,5.117023816,4.358705
778,37,0.35,19,0.61,2.473968898,2.4348192
779,18,0.51,16,0.84,2.311941871,2.381526
780,16,0.58,8,0.67,1.992089282,2.015474
781,9,0.44,26,0.77,4.373698746,3.8861036
782,8,0.29,18,0.63,3.891366594,3.6565406
783,25,0.43,26,0.59,1.495663464,1.4748516
784,38,0.29,30,0.58,2.247854269,2.2068472
785,23,0.52,24,1,1.839701679,1.8115613
786,37,0.27,26,0.77,3.812790834,3.7159545
787,24,0.57,9,0.82,2.394838755,2.445746
788,30,0.45,30,0.74,1.569844002,1.5313015
789,29,0.21,29,0.56,3.44588251,3.4708047
790,23,0.35,24,0.84,3.033371432,3.0973766
791,30,0.47,29,0.73,1.491987769,1.4841487
792,38,0.41,31,0.6,1.405794749,1.3674453
793,27,0.33,32,0.51,1.514068777,1.5168312
794,15,0.59,9,0.91,2.529612824,2.5920894
795,9,0.45,15,0.73,3.168308037,3.0255482
796,17,0.45,28,0.62,1.654061135,1.7864757
797,22,0.44,17,0.65,2.108007692,2.086313
798,37,0.47,18,0.84,2.39426959,2.377755
799,18,0.34,16,0.87,3.917597422,3.9779503
800,22,0.3,23,0.57,2.523090402,2.5102255
801,22,0.51,13,0.59,1.832292854,1.8481445
802,9,0.21,21,0.63,4.611175855,4.26429
803,28,0.24,12,0.94,4.700863121,4.790741
804,34,0.36,16,0.75,3.198729996,3.2195694
805,6,0.57,13,0.87,3.819200115,3.752859
806,18,0.4,13,0.89,3.579981844,3.562369
807,31,0.47,27,0.79,1.645433139,1.6374404
808,17,0.42,22,0.95,2.846681996,2.8962708
809,37,0.33,31,0.63,1.954285411,1.9599965
810,29,0.37,20,0.83,3.116374012,3.100894
811,23,0.21,23,0.51,3.353463817,3.327511
812,27,0.34,10,0.9,3.962816171,3.8413978
813,22,0.49,14,0.94,2.929086453,2.901908
814,34,0.26,20,0.97,5.234143563,5.0447674
815,7,0.23,10,0.7,3.953401717,3.7343774
816,30,0.46,20,0.74,2.030542226,2.0038388
817,40,0.35,26,0.91,3.116854762,3.167925
818,18,0.4,24,0.5,1.524118061,1.5604943
819,29,0.56,20,0.75,1.583328457,1.5598811
820,11,0.56,21,0.71,2.473212326,2.3479724
821,22,0.39,14,0.83,3.387594421,3.3804398
822,31,0.33,20,0.74,3.201871795,3.192218
823,26,0.24,30,0.69,3.671848276,3.6224697
824,24,0.43,24,0.67,1.771048778,1.8100278
825,28,0.21,18,0.96,6.402711901,5.618054
826,12,0.5,26,0.56,2.270223481,2.246786
827,25,0.5,32,0.86,1.435806789,1.3886647
828,33,0.55,16,0.89,2.165456353,2.1949167
829,14,0.3,28,0.91,4.572946199,4.7363396
830,4,0.2,14,0.81,4.588157648,4.6007037
831,26,0.35,30,0.85,2.560112429,2.5034194
832,6,0.51,10,0.98,4.063659917,3.6769357
833,30,0.27,24,0.7,3.55714091,3.495006
834,20,0.46,12,0.82,2.935032077,2.9504492
835,19,0.27,21,0.61,3.207814809,3.1457548
836,19,0.57,13,0.93,2.43338434,2.4898868
837,18,0.32,20,0.53,2.323450744,2.3037589
838,19,0.29,9,0.7,3.507572291,3.4290571
839,31,0.28,26,0.7,3.270724071,3.184367
840,4,0.22,9,0.74,3.690929691,3.6654887
841,18,0.34,11,0.75,3.525251448,3.48005
842,15,0.55,10,0.72,2.192928057,2.2411892
843,39,0.21,31,0.5,2.94347714,2.9741948
844,9,0.54,20,0.62,2.76957086,2.5820076
845,34,0.32,14,0.66,3.254013986,3.260303
846,11,0.24,13,0.77,4.401747188,4.5268087
847,35,0.4,22,0.91,2.848663598,2.8045583
848,28,0.36,23,0.57,1.971054073,1.9322064
849,9,0.51,24,0.99,5.070962654,4.3339696
850,33,0.56,32,0.84,1.342981038,1.2823553
851,24,0.49,31,0.64,1.336859769,1.3370723
852,10,0.23,22,0.96,6.474444584,6.0626583
853,36,0.31,11,0.58,3.958480737,3.0396614
854,39,0.46,31,0.86,1.582528517,1.4929774
855,6,0.57,20,0.64,3.842484397,3.5139132
856,33,0.21,32,0.5,2.898108672,2.9222147
857,28,0.43,22,0.93,2.587656588,2.5336764
858,4,0.56,28,0.99,6.931026539,6.9804063
859,10,0.27,22,0.86,5.458372265,5.2089925
860,20,0.28,16,0.67,3.612555878,3.6364822
861,20,0.56,22,0.79,1.554831495,1.4853351
862,31,0.47,26,0.59,1.37969151,1.3457391
863,9,0.43,32,1,6.499347472,5.4964547
864,29,0.54,10,0.8,2.465791053,2.49408
865,22,0.23,8,0.79,3.593057512,3.6764736
866,40,0.46,15,0.54,1.780786208,1.7394181
867,38,0.25,21,0.7,3.982160577,3.9258208
868,11,0.38,20,0.73,3.342801522,3.2115445
869,16,0.42,26,0.67,1.988720962,2.1064517
870,10,0.44,27,0.77,4.073400222,3.679174
871,18,0.44,27,0.91,2.217818783,2.2999613
872,9,0.21,20,0.75,5.33810221,5.0283103
873,25,0.45,9,0.57,2.255609057,2.2334836
874,12,0.29,16,0.94,4.933514942,4.8983717
875,14,0.31,29,0.82,3.956350732,4.0965095
876,7,0.5,18,0.74,3.829838731,3.4045277
877,18,0.47,18,0.76,2.188926864,2.2055876
878,20,0.43,16,0.57,1.96826111,1.9441857
879,34,0.2,22,0.91,5.830945497,5.8371816
880,21,0.55,13,0.67,1.878132578,1.8954759
881,6,0.34,27,0.86,5.716517381,5.3315096
882,37,0.28,9,0.85,3.89997724,3.821394
883,9,0.27,18,0.92,5.622182011,5.2876577
884,4,0.3,28,0.87,5.619423626,5.709549
885,39,0.25,27,0.81,4.356456497,4.2288523
886,8,0.34,19,0.67,3.864527194,3.51628
887,33,0.51,23,0.57,1.336426831,1.3071169
888,7,0.22,9,0.61,3.543128975,3.356729
889,5,0.43,23,0.64,4.02869161,4.041288
890,33,0.57,18,0.83,1.784192279,1.8279278
891,20,0.37,11,0.96,4.025921761,3.9549782
892,7,0.48,29,0.72,5.017204402,4.446891
893,30,0.5,25,0.71,1.510814171,1.4827368
894,39,0.3,18,0.78,3.869017292,3.9299755
895,39,0.57,18,0.89,1.877603154,1.9329307
896,35,0.25,25,0.76,4.183381793,4.043361
897,9,0.46,28,0.93,5.505477289,4.6981726
898,10,0.3,13,0.87,4.522063393,4.5616016
899,6,0.35,19,0.89,5.36806174,4.874121
900,25,0.31,9,0.73,3.51343224,3.4418542
901,29,0.46,19,0.62,1.772832951,1.6678035
902,33,0.21,8,0.95,3.689294354,3.7126303
903,29,0.3,10,0.59,3.14305162,3.0862591
904,36,0.3,29,0.51,1.893264891,1.9465239
905,30,0.4,16,0.84,3.186799018,3.1398556
906,19,0.51,18,0.74,1.899460373,1.9353888
907,9,0.52,23,0.79,3.937540511,3.4447465
908,30,0.42,19,0.69,2.223963952,2.1603754
909,38,0.49,30,0.73,1.410284911,1.4130614
910,16,0.23,22,0.84,5.139646736,5.036828
911,19,0.4,32,0.52,1.408114542,1.5618718
912,24,0.47,25,0.65,1.511741352,1.4588257
913,18,0.4,23,0.7,2.164933887,2.1787295
914,27,0.52,14,0.68,1.974307652,1.9695816
915,24,0.49,30,0.52,1.226820881,1.2620621
916,11,0.39,27,0.69,3.418264004,3.2155712
917,19,0.2,28,0.5,3.288254432,3.3602395
918,33,0.52,10,0.68,2.214804785,2.1867478
919,17,0.2,20,0.84,5.432098402,5.396519
920,4,0.49,22,0.78,4.986210062,5.0898542
921,9,0.37,14,0.79,3.903491051,3.8109934
922,5,0.27,13,0.8,4.548328379,4.429989
923,37,0.47,30,0.91,1.633464073,1.5328581
924,22,0.45,27,0.93,2.000037111,1.9496603
925,35,0.27,10,0.53,3.067074463,3.0166228
926,16,0.39,29,0.64,2.037312297,2.188516
927,13,0.28,30,0.76,4.2757914,4.3448987
928,35,0.3,10,0.97,4.296919998,4.2117906
929,20,0.58,21,0.78,1.518129678,1.4703692
930,19,0.36,17,0.82,3.437721971,3.444674
931,24,0.43,23,0.7,1.906447406,1.9501688
932,17,0.23,26,0.53,3.124251617,3.1123576
933,6,0.27,16,0.73,4.553254695,4.272274
934,25,0.36,24,0.75,2.580781033,2.5586553
935,13,0.56,11,0.7,2.057743846,2.071069
936,23,0.35,13,0.69,3.182592096,3.1859286
937,17,0.59,14,0.6,1.509295867,1.4779713
938,18,0.22,28,0.5,2.980040162,3.0725927
939,14,0.32,12,0.81,3.907189544,3.9725137
940,17,0.42,14,0.85,3.209557615,3.1931512
941,7,0.37,32,0.97,6.808828254,6.1872067
942,18,0.28,32,0.9,4.096682464,4.3200083
943,32,0.39,32,0.71,1.699738901,1.6847138
944,19,0.36,17,0.76,3.179476491,3.1448953
945,19,0.48,12,0.53,1.839587387,1.8557303
946,28,0.24,9,0.76,3.770750669,3.7265909
947,24,0.41,17,0.66,2.344525347,2.2974517
948,10,0.41,21,0.63,2.961158117,2.7462595
949,11,0.29,23,0.82,4.821415353,4.731363
950,23,0.6,27,0.67,1.288979481,1.3230091
951,14,0.39,8,0.97,3.635460352,3.7444828
952,40,0.52,29,0.8,1.413505344,1.3967851
953,35,0.24,12,0.94,4.699254842,4.72617
954,30,0.34,28,0.76,2.522618698,2.5314724
955,10,0.57,17,0.88,2.928616044,2.8700538
956,30,0.6,27,0.93,1.327360032,1.3063424
957,14,0.26,24,0.61,3.438293796,3.4946635
958,25,0.28,28,0.91,4.186243907,4.0446053
959,20,0.52,24,0.69,1.482636337,1.4341507
960,24,0.53,29,0.79,1.397991166,1.3953106
961,32,0.34,21,0.65,2.60831954,2.571067
962,23,0.57,25,0.7,1.351202885,1.3461792
963,17,0.2,23,0.53,3.663253855,3.6743648
964,32,0.55,16,0.62,1.575056813,1.5360055
965,9,0.58,18,0.95,3.6328144,3.344209
966,13,0.28,11,0.62,3.408142029,3.4096265
967,21,0.57,15,0.91,2.197809447,2.268883
968,34,0.52,16,0.74,1.98436426,1.9612377
969,19,0.38,24,0.86,2.775869137,2.7228723
970,33,0.25,23,0.87,4.866927322,4.6034307
971,20,0.31,20,0.99,4.564295729,4.613403
972,6,0.2,20,0.67,4.799148952,4.543231
973,20,0.29,19,0.68,3.440141124,3.4479494
974,37,0.47,23,0.63,1.54791109,1.4635192
,,,,,7.450771937,
